time,open,high,low,close,Buy Signal,Sell Signal
1701193560,354.15,354.18,353.35,354.04,0,0
1701196500,354,354.17,353.79,353.84,0,0
1701199440,353.85,354.42,353.75,354.22,0,0
1701202380,354.25,354.42,353.8,354.11,0,0
1701268200,354.95,355.5,354.75,354.85,0,0
1701271140,354.85,355.35,354.64,354.91,0,0
1701274080,354.95,354.96,354.43,354.89,0,0
1701277020,354.9,355.8,354.9,355.74,0,0
1701279960,355.74,355.96,355.55,355.61,0,0
1701282900,355.67,356.13,355.61,355.93,0,0
1701285840,355.96,355.96,355.13,355.24,0,0
1701288780,355.18,355.21,354.38,354.68,0,0
1701354600,356.68,357.69,356.46,357.62,0,0
1701357540,357.57,358.06,357.27,358.05,0,0
1701360480,358.03,358.2,357.58,357.61,0,0
1701363420,357.62,357.93,356.96,357.49,0,0
1701366360,357.51,357.65,357.04,357.5,0,0
1701369300,357.46,358.17,357.38,358.12,0,0
1701372240,358.08,358.75,358.07,358.44,0,0
1701375180,358.42,360.18,358,359.84,0,0
1701441000,360.02,361.35,359.865,360.71,0,0
1701443940,360.73,360.96,359.94,360.59,0,0
1701446880,360.56,362.18,360.56,362.01,0,0
1701449820,362.01,362.8,361.81,362.8,0,0
1701452760,362.8,363.25,362.43,362.62,0,0
1701455700,362.6,362.77,362.37,362.76,0,0
1701458640,362.76,363.02,362.46,362.8,0,0
1701461580,362.79,363.23,362.46,363.01,0,0
1701700200,361.15,362.95,361.03,361.99,0,0
1701703140,361.91,362.02,361.22,361.42,0,0
1701706080,361.4,361.83,361.26,361.63,0,0
1701709020,361.66,362.18,361.64,362.15,0,0
1701711960,362.16,362.46,362.08,362.36,0,0
1701714900,362.27,362.53,362.15,362.21,0,0
1701717840,362.21,362.57,362.17,362.42,0,0
1701720780,362.42,362.94,362.21,362.62,0,0
1701786600,361.86,361.97,360.72,360.92,0,0
1701789540,360.9,362.14,360.9,362.11,0,0
1701792480,362.12,362.12,360.95,361.09,0,0
1701795420,361.16,361.65,361.13,361.31,0,0
1701798360,361.31,362.03,361.15,361.96,0,0
1701801300,361.96,362.1,361.64,361.82,0,0
1701804240,361.81,362.07,361.55,361.99,0,0
1701807180,361.97,362.26,361.68,361.93,0,0
1701873000,362.82,363.55,362.56,363.03,0,0
1701875940,362.99,363.12,362.16,362.31,0,0
1701878880,362.37,362.53,361.79,362.04,0,0
1701881820,362.04,362.3,361.87,362.27,0,0
1701884760,362.13,362.44,361.82,362.34,0,0
1701887700,362.39,362.54,361.965,362.11,0,0
1701890640,362.08,362.21,361.73,361.75,0,0
1701893580,361.78,361.79,360.83,361.2,0,0
1701959400,361.93,362.29,361.01,361.56,0,0
1701962340,361.55,361.89,361.43,361.89,0,0
1701965280,361.75,361.75,361,361.56,0,0
1701968220,361.52,361.92,361.27,361.91,0,0
1701971160,361.92,362.24,361.85,362.14,0,0
1701974100,362.14,362.36,362.08,362.29,0,0
1701977040,362.15,362.27,361.78,361.81,0,0
1701979980,361.78,362.05,361.66,361.83,0,0
1702045800,361.76,363.32,361.37,363.12,0,0
1702048740,363.17,363.19,362.29,362.62,0,0
1702051680,362.59,362.67,361.75,362.04,0,0
1702054620,362.05,362.4,361.58,362.35,0,0
1702057560,362.4,362.93,362.38,362.85,0,0
1702060500,362.82,362.98,362.52,362.93,0,0
1702063440,362.93,363.38,362.89,363.23,0,0
1702066380,363.27,363.68,363.06,363.13,0,0
1702305000,363.46,364.05,363,363.69,0,0
1702307940,363.74,364.41,363.58,364.19,0,0
1702310880,364.29,364.31,363.89,364.09,0,0
1702313820,364.14,364.23,363.73,364.1,0,0
1702316760,364.06,364.62,363.92,364.48,0,0
1702319700,364.43,364.62,364.09,364.16,0,0
1702322640,364.13,364.335,364.08,364.2,0,0
1702325580,364.22,364.86,364.21,364.74,0,0
1702391400,365.41,365.41,364.43,365.305,0,0
1702394340,365.31,366.01,365.29,365.96,0,0
1702397280,365.99,366.25,365.65,366.08,0,0
1702400220,366.03,366.42,365.95,366.13,0,0
1702403160,366.1,366.12,365.7,365.86,0,0
1702406100,365.92,366.09,365.75,365.89,0,0
1702409040,365.92,366.6,365.88,366.48,0,0
1702411980,366.57,366.65,366.23,366.49,0,0
1702477800,366.6,366.68,366,366.39,0,0
1702480740,366.38,366.79,366.26,366.55,0,0
1702483680,366.5,366.9,366.5,366.6,0,0
1702486620,366.57,366.64,366.39,366.6,0,0
1702489560,366.56,366.74,366.48,366.55,0,0
1702492500,366.54,369,366.47,368.99,0,0
1702495440,369,371.27,368.71,370.67,0,0
1702498380,370.68,371.65,369.87,371.62,0,0
1702564200,372.71,373,371.69,372.1,0,0
1702567140,372.06,372.87,371.9,372.68,0,0
1702570080,372.66,372.98,372.25,372.8,0,0
1702573020,372.75,373.59,372.69,373.54,0,0
1702575960,373.62,373.63,372.17,372.24,0,0
1702578900,372.22,372.5,371.28,372.4,0,0
1702581840,372.44,373.01,372.32,372.82,0,0
1702584780,372.78,373.4,372.63,373.35,0,0
1702650600,371.73,372.61,371.4,371.64,0,0
1702653540,371.56,372.63,371.35,372.11,0,0
1702656480,372.11,372.84,372.09,372.51,0,0
1702659420,372.5,372.9,372.48,372.56,0,0
1702662360,372.56,372.81,372.36,372.65,0,0
1702665300,372.66,372.66,371.57,371.83,0,0
1702668240,371.79,372.02,371.45,371.79,0,0
1702671180,371.78,373.39,371.78,372.6,0,0
1702909800,373.29,373.77,372.9,373.08,0,0
1702912740,373.07,373.27,372.87,373.26,0,0
1702915680,373.23,373.87,373.21,373.57,0,0
1702918620,373.57,373.67,373.27,373.31,0,0
1702921560,373.32,373.32,373.02,373.2,0,0
1702924500,373.19,373.22,372.95,373.2,0,0
1702927440,373.23,373.34,372.77,373.24,0,0
1702930380,373.25,373.4,372.92,372.97,0,0
1702996200,373.24,374.58,373.14,374.56,0,0
1702999140,374.57,374.97,374.49,374.97,0,0
1703002080,374.97,375.27,374.95,374.95,0,0
1703005020,374.95,374.95,374.58,374.82,0,0
1703007960,374.8,375.05,374.76,374.94,0,0
1703010900,374.92,375.19,374.74,374.94,0,0
1703013840,374.96,375.1,374.73,374.88,0,0
1703016780,374.87,375.55,374.73,375.47,0,0
1703082600,374.6,375.29,374.58,375.22,0,0
1703085540,375.18,375.61,374.98,375.45,0,0
1703088480,375.46,375.86,375.42,375.73,0,0
1703091420,375.745,376.33,375.74,376.29,0,0
1703094360,376.27,376.34,375.86,376.03,0,0
1703097300,376.05,376.05,375.53,375.68,0,0
1703100240,375.69,375.69,371.99,372.41,0,1
1703103180,372.43,373.16,370.61,370.8,0,0
1703169000,372.89,373.99,372.5,373.19,0,0
1703171940,373.27,373.82,372.7,372.84,0,0
1703174880,372.84,373.2,372.44,372.45,0,0
1703177820,372.475,372.54,371.53,371.98,0,0
1703180760,371.96,372.4,371.18,372,0,0
1703183700,371.97,372.56,371.91,372.27,0,0
1703186640,372.23,372.54,371.99,372.39,0,0
1703189580,372.44,374.13,372.39,373.93,0,0
1703255400,373.64,375.3,373.52,374.77,1,0
1703258340,374.77,375.24,373.9,374.19,0,0
1703261280,374.21,374.63,374.12,374.56,0,0
1703264220,374.45,374.59,374.16,374.5,0,0
1703267160,374.51,374.71,374.38,374.5,0,0
1703270100,374.48,374.57,373.13,373.13,0,0
1703273040,373.09,374.15,372.58,373.96,0,0
1703275980,373.97,374.18,373.35,373.91,0,0
1703601000,373.68,374.78,373.58,374.78,0,0
1703603940,374.78,374.87,374.59,374.76,0,0
1703606880,374.73,374.99,374.57,374.81,0,0
1703609820,374.77,375.12,374.77,375.03,0,0
1703612760,375.05,375.29,374.9,375.21,0,0
1703615700,375.15,375.43,375.1,375.41,0,0
1703618640,375.41,375.67,375.37,375.48,0,0
1703621580,375.47,376.09,375.17,375.37,0,0
1703687400,375.1,376.2,374.76,375.76,0,0
1703690340,375.8,376.24,375.61,375.72,0,0
1703693280,375.71,376.18,375.67,376.09,0,0
1703696220,376.08,376.29,375.78,375.89,0,0
1703699160,375.86,376.79,375.83,376.24,0,0
1703702100,376.25,376.43,375.31,375.92,0,0
1703705040,375.88,376.16,375.58,376.01,0,0
1703707980,376.06,376.67,375.56,376.58,0,0
1703773800,376.48,377.22,376.48,377.13,0,0
1703776740,377.14,377.325,376.87,377,0,0
1703779680,376.99,377.125,376.73,377.05,0,0
1703782620,377.04,377.24,376.85,377.24,0,0
1703785560,377.25,377.45,376.75,377.31,0,0
1703788500,377.27,377.575,377.15,377.38,0,0
1703791440,377.41,377.59,377.26,377.29,0,0
1703794380,377.3,377.69,376.81,377.13,0,0
1703860200,376.96,377.46,376.91,377.07,0,0
1703863140,377.05,377.22,376.32,376.7,0,0
1703866080,376.72,376.77,375.6,375.83,0,1
1703869020,375.8,376,375.26,375.86,0,0
1703871960,375.85,376.53,375.66,376.18,0,0
1703874900,376.24,376.65,376.22,376.64,0,0
1703877840,376.66,376.97,376.43,376.78,0,0
1703880780,376.8,377.15,376.2,376.92,0,0
1704205800,374.85,376.82,374.81,376.52,0,0
1704208740,376.6,377.09,376.16,376.71,0,0
1704211680,376.68,377.37,376.54,377.37,0,0
1704214620,377.3,377.8,377.22,377.71,1,0
1704217560,377.7,377.81,377.015,377.31,0,0
1704220500,377.31,377.4,376.54,376.54,0,0
1704223440,376.54,376.76,375.74,375.91,0,0
1704226380,375.9,377.16,375.82,377.11,0,0
1704292200,375.68,376.12,374.54,374.73,0,1
1704295140,374.74,375.03,373.96,374.53,0,0
1704298080,374.53,374.82,374.29,374.71,0,0
1704301020,374.7,375.28,374.35,375.2,0,0
1704303960,375.18,375.78,375.07,375.5,0,0
1704306900,375.46,375.65,374.56,375.1,0,0
1704309840,375.1,376.05,374.85,374.87,0,0
1704312780,374.85,375.06,373.9,374.19,0,0
1704378600,374.8,376.44,374.61,376.12,0,0
1704381540,376.1,376.44,375.86,376.31,0,0
1704384480,376.35,377.22,376.24,376.42,0,0
1704387420,376.41,376.45,375.13,375.15,0,0
1704390360,375.14,375.77,375.14,375.61,0,0
1704393300,375.62,375.78,375.41,375.48,0,0
1704396240,375.48,375.73,375.13,375.53,0,0
1704399180,375.49,375.51,374.4,374.59,0,0
1704465000,374.43,376.25,373.98,375.45,0,0
1704467940,375.4,375.91,375.07,375.37,0,0
1704470880,375.39,375.79,374.56,374.66,0,0
1704473820,374.59,374.59,373.38,373.83,0,0
1704476760,373.82,374.71,373.21,374.58,0,0
1704479700,374.59,375.25,374.51,374.89,0,0
1704482640,374.85,375,373.8,374.02,0,0
1704485580,374.05,375.02,373.73,374.68,0,0
1704724200,373.4,373.7,372.47,373.18,0,0
1704727140,373.21,374.32,373.21,373.51,0,0
1704730080,373.55,374.13,373.54,373.86,0,0
1704733020,373.89,374.38,373.76,374.3,0,0
1704735960,374.34,374.87,374.28,374.47,0,0
1704738900,374.5,375.5,374.41,375.46,0,0
1704741840,375.48,376.38,375.48,376.07,0,0
1704744780,376.07,376.98,376,376.82,1,0
1704810600,374.76,374.88,373.74,374.63,0,0
1704813540,374.68,374.75,373.995,374.22,0,0
1704816480,374.2,375.11,374.11,375.09,0,0
1704819420,375.14,375.44,375.03,375.345,0,0
1704822360,375.33,375.55,374.35,374.41,0,0
1704825300,374.44,375.6,374.44,374.81,0,0
1704828240,374.89,375.11,374.7,374.93,0,0
1704831180,374.91,375.465,374.84,375.24,0,0
1704897000,375.5,376.59,375.3,375.46,0,0
1704899940,375.46,376.15,375.4,375.89,0,0
1704902880,375.89,376.02,375.49,375.69,0,0
1704905820,375.79,375.94,375.49,375.8,0,0
1704908760,375.81,376.22,375.54,375.96,0,0
1704911700,375.99,376.83,375.7,376.82,0,0
1704914640,376.83,377.46,376.78,377.27,0,0
1704917580,377.29,377.36,376.07,376.92,0,0
1704983400,377.77,378.11,374.44,374.73,0,0
1704986340,374.83,375.82,374.83,374.98,0,0
1704989280,374.99,375.19,374.24,374.42,0,1
1704992220,374.54,375.39,374.39,375.39,0,0
1704995160,375.41,376.2,375.35,375.98,0,0
1704998100,375.99,376.77,375.9,376.31,0,0
1705001040,376.35,377.44,376.35,377,0,0
1705003980,376.91,377.39,376.53,377.18,0,0
1705069800,377.53,378.25,375.42,375.42,0,0
1705072740,375.52,375.92,374.74,375.35,0,0
1705075680,375.38,375.7,374.82,375.04,0,0
1705078620,375.12,375.53,374.91,375.28,0,0
1705081560,375.19,375.9,375.14,375.81,0,0
1705084500,375.82,376.38,375.8,376.07,0,0
1705087440,376.13,376.21,375.48,375.65,0,0
1705090380,375.65,376.11,375.35,375.95,0,0
1705415400,374.96,375.53,373.25,374.57,0,0
1705418340,374.58,375.23,373.58,373.95,0,0
1705421280,373.92,374.6,373.61,373.98,0,0
1705424220,373.96,374.11,372.95,373.35,0,0
1705427160,373.36,373.77,372.95,373.65,0,0
1705430100,373.65,373.65,372.04,372.24,0,0
1705433040,372.21,373.01,372.2,373.01,0,0
1705435980,373.01,373.72,372.7,373.59,0,0
1705501800,371.74,373.33,371.64,373.07,0,0
1705504740,372.95,373.71,372.67,373.6,0,0
1705507680,373.61,373.74,373.2,373.25,0,0
1705510620,373.24,373.3,372.3,372.4,0,0
1705513560,372.37,372.82,371.87,371.97,0,0
1705516500,371.94,372.18,371.335,372.18,0,0
1705519440,372.1,372.34,371.82,371.83,0,0
1705522380,371.82,373.005,371.6,372.78,0,0
1705588200,372.25,372.58,371.37,372.45,0,0
1705591140,372.39,372.98,371.96,372.06,0,0
1705594080,372.07,373.02,372.05,372.69,0,0
1705597020,372.65,372.72,371.68,372.2,0,0
1705599960,372.21,372.37,371.65,372.37,0,0
1705602900,372.36,373.79,372.35,373.79,0,0
1705605840,373.81,374.65,373.7,374.56,0,0
1705608780,374.62,375.32,374.49,374.8,0,0
1705674600,375.78,375.99,374.46,375.44,1,0
1705677540,375.46,376.16,375.02,376.06,0,0
1705680480,376.09,376.63,375.7,375.8,0,0
1705683420,375.79,377,375.7,376.66,0,0
1705686360,376.63,377.96,376.5,377.88,0,0
1705689300,377.91,378.9,377.91,378.82,0,0
1705692240,378.82,379.37,378.375,378.77,0,0
1705695180,378.79,378.87,378.235,378.58,0,0
1705933800,379.7,380.94,379.28,380.87,0,0
1705936740,380.85,381.06,379.79,380.14,0,0
1705939680,380.1,380.32,379.68,380.06,0,0
1705942620,380.02,380.15,379.63,379.86,0,0
1705945560,379.88,379.91,379.08,379.2,0,0
1705948500,379.21,379.89,379.17,379.4,0,0
1705951440,379.49,379.91,379.49,379.77,0,0
1705954380,379.77,380.16,379.72,380.08,0,0
1706020200,379.35,379.81,378.9,379.38,0,0
1706023140,379.34,379.54,378.43,378.58,0,0
1706026080,378.6,378.71,377.98,378.25,0,0
1706029020,378.19,378.41,378.15,378.25,0,0
1706031960,378.25,378.67,378.21,378.43,0,0
1706034900,378.49,378.95,378.48,378.76,0,0
1706037840,378.79,379.32,378.6,379.23,0,0
1706040780,379.22,379.32,378.78,379.05,0,0
1706106600,380.26,380.62,379.23,379.5,0,0
1706109540,379.52,380.28,379.27,379.96,0,0
1706112480,379.98,380.57,379.9,380.28,0,0
1706115420,380.27,380.44,379.97,380.24,0,0
1706118360,380.24,380.47,379.26,379.42,0,0
1706121300,379.46,379.46,378.51,378.68,0,0
1706124240,378.65,379.27,378.59,378.81,0,0
1706127180,378.88,378.94,377.94,378.08,0,0
1706193000,379.04,380.07,378.6,379.91,0,0
1706195940,379.93,380.33,378.29,378.82,0,0
1706198880,378.83,379.28,378.61,379.06,0,0
1706201820,378.99,379.05,378.04,378.08,0,1
1706204760,378.09,378.78,377.92,378.38,0,0
1706207700,378.36,378.89,378.09,378.59,0,0
1706210640,378.64,379.22,378.55,379.09,0,0
1706213580,379.06,380.57,378.85,380.52,1,0
1706279400,380,381.2,379.95,380.63,0,0
1706282340,380.63,382.13,380.63,381.68,0,0
1706285280,381.61,381.73,381.29,381.67,0,0
1706288220,381.7,381.77,380.67,380.81,0,0
1706291160,380.79,380.99,380.31,380.92,0,0
1706294100,380.94,380.95,380.18,380.71,0,0
1706297040,380.64,381.31,380.57,381.08,0,0
1706299980,381.1,381.21,380.68,381.03,0,0
1706538600,381.005,381.67,380.91,381.49,0,0
1706541540,381.47,381.49,380.62,380.74,0,0
1706544480,380.76,381.2,380.71,381.13,0,0
1706547420,381.12,381.27,380.78,381.02,0,0
1706550360,380.94,381.18,380.54,381.13,0,0
1706553300,381.11,381.47,380.95,381.35,0,0
1706556240,381.34,382.5,381.3,382.33,0,0
1706559180,382.35,383.41,382.31,383.31,0,0
1706625000,382.845,383.34,382.67,382.9,0,0
1706627940,382.9,383.13,382.5,383.02,0,0
1706630880,383,384,383,383.97,0,0
1706633820,383.92,383.99,383.42,383.69,0,0
1706636760,383.72,384.37,383.67,384.33,0,0
1706639700,384.3,384.45,384.03,384.42,0,0
1706642640,384.44,384.72,384.36,384.6,0,0
1706645580,384.61,384.94,384.41,384.55,0,0
1706711400,385.21,385.82,384.48,384.78,0,0
1706714340,384.76,385.08,384.64,385.03,0,0
1706717280,385.04,385.23,384.12,384.75,0,0
1706720220,384.67,385.11,384.42,384.76,0,0
1706723160,384.74,385.14,384.47,384.6,0,0
1706726100,384.6,384.9,383.62,383.76,0,0
1706729040,383.7,385.51,382.06,382.74,0,0
1706731980,382.72,382.84,381.34,381.34,0,1
1706797800,381.4,382.77,381.27,382.58,0,0
1706800740,382.6,382.915,381.17,381.5,0,0
1706803680,381.47,382.62,380.97,382.58,0,0
1706806620,382.55,383.84,382.5,383.81,0,0
1706809560,383.84,384.84,383.49,384.03,0,0
1706812500,384.02,384.46,383.39,383.96,0,0
1706815440,384.04,384.91,383.7,384.57,0,0
1706818380,384.57,385.15,384.46,385.13,1,0
1706884200,383.99,384.455,383.24,383.98,0,0
1706887140,384,385.09,383.76,384.74,0,0
1706890080,384.8,386.02,384.4,385.75,0,0
1706893020,385.71,386,384.6,384.66,0,0
1706895960,384.74,386.5,384.48,386.02,0,0
1706898900,386.09,387.28,385.82,386.91,0,0
1706901840,386.85,387.78,386.78,387.6,0,0
1706904780,387.64,387.75,386.42,386.47,0,0
1707143400,385.99,385.99,382.51,382.58,0,0
1707146340,382.57,383.08,382.13,382.66,0,0
1707149280,382.64,383,382.52,382.93,0,1
1707152220,382.98,383.89,382.84,383.77,0,0
1707155160,383.75,384.11,383.47,383.8,0,0
1707158100,383.8,384.41,383.77,384.33,0,0
1707161040,384.32,384.7,384.05,384.05,0,0
1707163980,384,384.83,383.56,383.63,0,0
1707229800,383.9,385.34,383.5,384.54,0,0
1707232740,384.51,384.82,384.1,384.54,0,0
1707235680,384.51,384.78,384.16,384.22,1,0
1707238620,384.22,384.93,384.2,384.8,0,0
1707241560,384.9,384.9,384.08,384.53,0,0
1707244500,384.48,384.97,383.99,384.23,0,0
1707247440,384.21,384.6,383.92,384.52,0,0
1707250380,384.53,385.21,384.09,385.12,0,0
1707316200,386.19,386.81,385.66,386.68,0,0
1707319140,386.68,387.21,386.59,386.8,0,0
1707322080,386.85,386.93,386.49,386.87,0,0
1707325020,386.78,386.87,386.35,386.52,0,0
1707327960,386.61,387.45,386.5,387.23,0,0
1707330900,387.22,387.23,386.715,386.95,0,0
1707333840,387.03,387.22,386.86,387.04,0,0
1707336780,387.05,387.06,386.5,386.74,0,0
1707402600,387.47,387.65,386.52,386.66,0,0
1707405540,386.67,386.78,385.85,385.92,0,0
1707408480,385.97,385.98,385.52,385.8,0,0
1707411420,385.79,386.26,385.7,386.16,0,0
1707414360,386.15,386.72,386.05,386.55,0,0
1707417300,386.56,386.95,386.55,386.63,0,0
1707420240,386.63,387.21,386.52,387.2,0,0
1707423180,387.27,387.54,386.9,387.41,0,0
1707489000,387.19,387.5,386.49,386.83,0,0
1707491940,386.71,386.94,386.4,386.64,0,0
1707494880,386.67,386.76,385.8,385.96,0,0
1707497820,385.95,386.58,385.76,386.52,0,0
1707500760,386.53,386.87,386.42,386.87,0,0
1707503700,386.82,386.89,386.52,386.84,0,0
1707506640,386.76,387.29,386.67,386.86,0,0
1707509580,386.85,386.96,386.31,386.74,0,0
1707748200,386.49,387.19,386.44,386.92,0,0
1707751140,386.95,387.83,386.93,387.83,0,0
1707754080,387.85,389,387.84,388.88,0,0
1707757020,388.86,389.02,388.52,388.59,0,0
1707759960,388.58,389.41,388.47,389.05,0,0
1707762900,389.04,389.11,387.64,388.16,0,0
1707765840,388.18,388.2,387.64,387.85,0,0
1707768780,387.88,388.28,387.73,388.17,0,0
1707834600,385.08,385.17,382.6,382.7,0,1
1707837540,382.66,383.59,382.55,383.58,0,0
1707840480,383.61,384.14,383.54,383.59,0,0
1707843420,383.58,383.71,383.01,383.36,0,0
1707846360,383.36,383.38,382.48,382.51,0,0
1707849300,382.54,382.56,380.92,381.08,0,0
1707852240,381.06,381.57,380.46,380.77,0,0
1707855180,380.73,382.89,380.5,382.83,0,0
1707921000,384.02,384.32,383.08,383.7,0,0
1707923940,383.7,384.29,382.59,383.16,0,0
1707926880,383.13,383.44,382.83,382.9,0,0
1707929820,382.91,383.11,382.07,382.94,0,0
1707932760,382.99,383.41,382.63,383.29,0,0
1707935700,383.27,383.74,382.38,383.12,0,0
1707938640,383.08,383.7,383.08,383.62,0,0
1707941580,383.66,384.55,383.59,384.32,0,0
1708007400,385.19,386.96,384.89,386.86,1,0
1708010340,386.85,387.18,386.13,386.23,0,0
1708013280,386.2,386.86,385.95,386.51,0,0
1708016220,386.49,386.95,386.46,386.77,0,0
1708019160,386.78,387.57,386.341,387.35,0,0
1708022100,387.31,387.78,386.95,387.71,0,0
1708025040,387.72,388.27,387.42,388.09,0,0
1708027980,388.07,388.33,387.76,388.27,0,0
1708093800,387.16,387.31,385.7,386.83,0,0
1708096740,386.82,387.09,386.29,386.86,0,0
1708099680,386.92,387.78,386.92,387.65,0,0
1708102620,387.64,387.76,387.4,387.69,0,0
1708105560,387.78,387.8,386.69,387.6,0,0
1708108500,387.59,388.25,387.58,388.04,0,0
1708111440,388.06,388.1,386.23,386.43,0,0
1708114380,386.42,386.93,385.78,386.21,0,0
1708439400,385.5,386.42,385.15,385.73,0,0
1708442340,385.79,386.57,385.67,386.51,0,0
1708445280,386.46,386.46,385.44,385.47,0,0
1708448220,385.5,385.52,384.54,385.1,0,1
1708451160,385.08,385.59,384.74,385.05,0,0
1708454100,385.06,385.76,384.96,385.28,0,0
1708457040,385.34,386.03,385.34,385.88,0,0
1708459980,385.8,385.92,384.8,385.74,0,0
1708525800,384.96,385.44,383.85,385.04,0,0
1708528740,385.05,385.23,384.47,384.92,0,0
1708531680,384.91,385.3,384.75,385.06,0,0
1708534620,385.01,385.06,384.26,384.51,0,0
1708537560,384.5,385.21,384.24,385.01,0,0
1708540500,385.011,385.57,384.42,384.48,0,0
1708543440,384.47,384.61,383.74,383.8,0,0
1708546380,383.81,386.17,383.37,386.06,0,0
1708612200,388.38,389.98,387.91,388.71,1,0
1708615140,388.72,389.08,388.12,388.29,0,0
1708618080,388.29,388.98,388.19,388.68,0,0
1708621020,388.64,389.37,388.42,389.19,0,0
1708623960,389.18,390.1,389.13,389.96,0,0
1708626900,389.99,391.27,389.97,391.23,0,0
1708629840,391.26,391.41,390.06,390.2,0,0
1708632780,390.34,391.15,390.25,390.56,0,0
1708698600,391.77,392.7,391.43,392.47,0,0
1708701540,392.43,392.83,391.9,391.99,0,0
1708704480,392.05,392.17,391.7,392,0,0
1708707420,391.98,392.29,391.44,391.69,0,0
1708710360,391.72,391.94,391.44,391.91,0,0
1708713300,391.88,391.91,391.07,391.07,0,0
1708716240,391.1,391.58,390.92,391.4,0,0
1708719180,391.46,391.93,391.25,391.27,0,0
1708957800,391.38,392.41,391.23,391.72,0,0
1708960740,391.77,392.1,391.16,391.24,0,0
1708963680,391.19,391.54,391.16,391.52,0,0
1708966620,391.49,391.56,391.18,391.34,0,0
1708969560,391.32,391.44,390.45,390.45,0,0
1708972500,390.49,391.27,390.25,391.12,0,0
1708975440,391.14,391.32,390.85,391.28,0,0
1708978380,391.29,391.37,390.57,390.61,0,0
1709044200,390.36,390.43,389.17,389.44,0,0
1709047140,389.45,389.63,388.98,389.31,0,0
1709050080,389.27,389.35,388.81,388.92,0,1
1709053020,388.93,389.15,388.8,389.04,0,0
1709055960,389.06,389.21,388.75,389.05,0,0
1709058900,389.03,389.48,389,389.32,0,0
1709061840,389.33,389.59,389.11,389.54,0,0
1709064780,389.6,389.93,389.27,389.67,0,0
1709130600,387.94,388.57,387.61,388.46,0,0
1709133540,388.43,389.54,388.31,389.31,0,0
1709136480,389.33,389.39,388.89,389.18,0,0
1709139420,389.19,389.31,388.83,389,0,0
1709142360,388.99,389.55,388.76,389.43,0,0
1709145300,389.45,389.57,388.53,388.91,0,0
1709148240,388.87,389.34,388.4,388.93,0,0
1709151180,388.93,389.73,388.93,389.67,0,0
1709217000,390.69,391.08,388.9,389.08,0,0
1709219940,389.16,390.01,389.08,389.95,0,0
1709222880,389.94,390.34,388.46,389.13,0,0
1709225820,389.14,389.36,388.93,389.15,0,0
1709228760,389.25,389.67,389.25,389.62,0,0
1709231700,389.59,390,389.46,389.83,0,0
1709234640,389.82,389.86,389.24,389.73,0,0
1709237580,389.675,390.86,389.6,389.86,0,0
1709303400,389.85,390.42,388.88,390.2,0,0
1709306340,390.19,391.03,389.99,391.03,1,0
1709309280,391.03,391.18,389.89,390.88,0,0
1709312220,390.83,391.25,390.58,391.04,0,0
1709315160,390.95,391.2,390.74,390.97,0,0
1709318100,391.06,391.61,390.85,391.21,0,0
1709321040,391.19,391.47,390.71,390.79,0,0
1709323980,390.87,391.46,390.79,391.26,0,0
1709562600,389.35,390.73,389.35,390.23,0,0
1709565540,390.2,390.69,390.08,390.2,0,0
1709568480,390.18,390.47,389.93,390.46,0,0
1709571420,390.48,391.07,390.35,390.9,0,0
1709574360,390.91,391.01,390.17,390.29,0,0
1709577300,390.26,390.56,390.17,390.18,0,0
1709580240,390.19,391.24,390.19,391.11,0,0
1709583180,391.1,391.17,390.08,390.28,0,0
1709649000,388.99,389.29,387.92,388.69,0,1
1709651940,388.67,388.82,387.66,387.94,0,0
1709654880,387.87,387.98,386.94,387.02,0,0
1709657820,387.11,388.02,387.11,387.65,0,0
1709660760,387.7,387.78,387,387.44,0,0
1709663700,387.39,387.39,386.27,386.73,0,0
1709666640,386.635,386.73,385.39,385.41,0,0
1709669580,385.42,386.42,384.92,386.23,0,0
1709735400,388.49,389.08,387.34,388.08,0,0
1709738340,388.12,388.56,387.42,388.285,0,0
1709741280,388.32,389.12,388.28,388.91,0,0
1709744220,388.82,388.82,388.31,388.52,0,0
1709747160,388.53,388.6,387.23,387.69,0,0
1709750100,387.5,388,386.19,386.97,0,0
1709753040,386.86,387.24,386.39,386.86,0,0
1709755980,386.9,387.46,386.25,387.22,0,0
1709821800,389.07,389.48,388.56,388.64,0,0
1709824740,388.71,389.72,388.5,388.83,0,0
1709827680,388.89,388.91,388.17,388.88,0,0
1709830620,388.86,388.92,387.89,388.05,0,0
1709833560,388.1,388.99,388.1,388.99,0,0
1709836500,388.94,389.44,388.71,388.73,0,0
1709839440,388.65,388.71,387.84,388.08,0,0
1709842380,388.08,388.95,388.08,388.45,0,0
1709908200,388.24,390.42,388.21,389.65,0,0
1709911140,389.7,389.91,388.83,389.6,1,0
1709914080,389.55,389.79,389.12,389.18,0,0
1709917020,389.14,389.64,389.01,389.2,0,0
1709919960,389.17,389.26,388.19,388.27,0,0
1709922900,388.29,389.4,387.72,389.27,0,0
1709925840,389.27,389.99,388.81,389.01,0,0
1709928780,388.82,388.97,387.92,387.96,0,0
1710163800,386.92,387.75,385.62,385.91,0,1
1710166740,385.98,386.93,385.49,386.78,0,0
1710169680,386.87,387.33,386.29,387.27,0,0
1710172620,387.24,387.89,387.12,387.81,0,0
1710175560,387.85,388.43,387.37,388.1,0,0
1710178500,388.09,388.27,387.73,388.1,0,0
1710181440,387.99,388.5,387.89,388.4,0,0
1710184380,388.39,388.64,388.03,388.43,0,0
1710250200,389.24,389.75,387.841,389.24,0,0
1710253140,389.34,391.36,389.24,390.57,1,0
1710256080,390.6,391.2,390.21,390.65,0,0
1710259020,390.58,390.58,388.83,388.92,0,0
1710261960,388.99,390.21,388.89,389.97,0,0
1710264900,389.99,390.98,389.98,390.93,0,0
1710267840,390.94,391.44,390.55,391.17,0,0
1710270780,391.18,391.41,390.69,390.74,0,0
1710336600,391.69,392.11,390.98,391.97,0,0
1710339540,392.08,392.45,391.84,392.04,0,0
1710342480,392.01,392.6,391.98,392.31,0,0
1710345420,392.31,392.62,392.19,392.34,0,0
1710348360,392.38,392.79,391.97,392.27,0,0
1710351300,392.18,392.28,391.82,391.865,0,0
1710354240,391.91,391.98,391.23,391.31,0,0
1710357180,391.3,391.52,390.07,391.23,0,0
1710423000,392.17,392.41,389.38,390.26,0,0
1710425940,390.25,391.09,390.06,390.57,0,0
1710428880,390.55,390.81,390.05,390.4,0,0
1710431820,390.36,390.68,389.89,390.26,0,0
1710434760,390.31,390.36,388.77,389.17,0,1
1710437700,389.1,390.32,389.06,389.94,0,0
1710440640,389.92,390.03,388.3,388.53,0,0
1710443580,388.52,390.08,387.84,390.08,0,0
1710509400,387.74,389.26,387.22,387.94,0,0
1710512340,387.95,388.64,387.66,388.36,0,0
1710515280,388.34,388.39,387.44,387.46,0,0
1710518220,387.53,387.57,386.64,386.67,0,0
1710521160,386.66,386.92,386.06,386.65,0,0
1710524100,386.66,387.17,386.56,387.06,0,0
1710527040,387.06,387.59,386.61,387.24,0,0
1710529980,387.3,387.44,386.56,387,0,0
1710768600,388.34,388.65,387.55,388.25,0,0
1710771540,388.26,388.81,388,388.77,0,0
1710774480,388.75,388.85,388.5,388.54,0,0
1710777420,388.7,388.73,388.29,388.48,0,0
1710780360,388.49,388.65,388.17,388.39,0,0
1710783300,388.38,388.55,387.79,388.46,0,0
1710786240,388.56,388.76,388.09,388.62,0,0
1710789180,388.6,388.63,387.48,387.72,0,0
1710855000,388.16,388.65,387.45,388.43,0,0
1710857940,388.44,389.41,388.33,389.25,0,0
1710860880,389.29,390.08,389.27,389.91,0,0
1710863820,389.92,390.88,389.65,390.77,1,0
1710866760,390.82,390.94,390.25,390.45,0,0
1710869700,390.35,390.52,389.81,389.81,0,0
1710872640,389.96,390.42,389.9,390.1,0,0
1710875580,390.09,391.09,390.01,390.99,0,0
1710941400,390.17,391,389.89,390.72,0,0
1710944340,390.76,391.38,390.76,391.33,0,0
1710947280,391.36,391.63,390.99,391.19,0,0
1710950220,391.16,391.37,390.87,391.37,0,0
1710953160,391.39,391.66,390.87,391.01,0,0
1710956100,390.98,392.92,390.7,391.86,0,0
1710959040,391.84,394.62,391.31,394.37,0,0
1710961980,394.39,395.21,394,394.99,0,0
1711027800,396.3,398.16,395.81,398.1,0,0
1711030740,398.13,398.82,397.95,398.16,0,0
1711033680,398.22,398.38,397.94,398.34,0,0
1711036620,398.35,398.57,397.93,398.05,0,0
1711039560,398.05,398.61,398,398.08,0,0
1711042500,398.08,398.35,397.98,398.14,0,0
1711045440,398.13,398.27,397.76,398.11,0,0
1711048380,398.07,398.48,397.56,397.67,0,0
1711114200,397.75,398.07,396.49,396.589,0,0
1711117140,396.62,396.62,395.8,396.15,0,0
1711120080,396.11,396.26,395.87,395.9,0,1
1711123020,395.88,395.99,395.26,395.6,0,0
1711125960,395.62,395.94,395.58,395.76,0,0
1711128900,395.81,396.08,395.62,395.78,0,0
1711131840,395.8,396.06,395.04,395.12,0,0
1711134780,395.15,395.3,394.49,394.49,0,0
1711373400,393.92,394.13,393.37,393.65,0,0
1711376340,393.61,393.78,393.23,393.3,0,0
1711379280,393.32,393.6,393.18,393.51,0,0
1711382220,393.52,393.56,393.24,393.26,0,0
1711385160,393.26,393.3,393,393.21,0,0
1711388100,393.19,393.27,392.95,393.27,0,0
1711391040,393.23,393.5,392.95,393.08,0,0
1711393980,393.08,393.22,392.82,392.97,0,0
1711459800,393.67,393.74,392.95,393.5,0,0
1711462740,393.49,394.17,393.37,394.035,0,0
1711465680,394.01,394.18,393.63,394.15,0,0
1711468620,394.23,394.25,393.8,393.94,0,0
1711471560,393.98,394.08,393.64,393.93,0,0
1711474500,393.93,393.99,393.55,393.81,0,0
1711477440,393.85,393.98,393.62,393.94,0,0
1711480380,393.93,394.01,392.63,392.91,0,0
1711546200,394.99,396,394.92,395.29,1,0
1711549140,395.38,395.4,394.78,395.06,0,0
1711552080,395.06,395.21,394.86,395.12,0,0
1711555020,395.1,395.3,394.47,395.3,0,0
1711557960,395.22,395.71,395.18,395.53,0,0
1711560900,395.535,395.71,395.21,395.68,0,0
1711563840,395.65,396.01,395.4,395.44,0,0
1711566780,395.54,397.58,395.42,397.56,0,0
1711632600,398.07,398.42,397.33,397.43,0,0
1711635540,397.4,397.54,397.08,397.22,0,0
1711638480,397.18,397.75,397.06,397.63,0,0
1711641420,397.7,397.81,397.4,397.43,0,0
1711644360,397.45,397.75,397.4,397.43,0,0
1711647300,397.43,397.92,397.36,397.75,0,0
1711650240,397.71,398.28,397.39,398.12,0,0
1711653180,398.16,398.56,397.61,397.73,0,0
1711978200,397.86,398.05,395.7,395.7,0,0
1711981140,395.7,395.85,395.22,395.77,0,0
1711984080,395.69,395.69,394.87,394.87,0,1
1711987020,394.89,395.46,394.78,395.38,0,0
1711989960,395.33,395.4,394.73,394.9,0,0
1711992900,394.92,395.42,394.92,395.4,0,0
1711995840,395.35,395.43,395.07,395.18,0,0
1711998780,395.17,395.74,394.96,395.25,0,0
1712064600,391.94,392.14,390.28,390.95,0,0
1712067540,390.94,391.76,390.94,391.209,0,0
1712070480,391.2,391.54,390.57,390.88,0,0
1712073420,390.83,390.98,390.41,390.73,0,0
1712076360,390.73,391.1,390.39,390.6,0,0
1712079300,390.59,390.92,390.32,390.68,0,0
1712082240,390.69,391.76,390.69,391.48,0,0
1712085180,391.44,391.96,391.13,391.61,0,0
1712151000,391.63,392.92,391.09,392.5,0,0
1712153940,392.42,392.73,392.1,392.54,0,0
1712156880,392.49,392.63,391.95,391.99,0,0
1712159820,392,392.58,391.51,392.18,0,0
1712162760,392.07,392.38,391.97,392.2,0,0
1712165700,392.15,392.28,391.75,391.79,0,0
1712168640,391.8,391.88,390.86,390.98,0,0
1712171580,390.93,391.58,389.99,391.29,0,0
1712237400,394.03,394.24,392.45,392.88,0,0
1712240340,392.85,393.13,392.53,392.68,0,0
1712243280,392.7,393.31,392.45,393.13,0,0
1712246220,393.21,393.64,393.03,393.11,0,0
1712249160,393.12,393.24,392.66,392.68,0,0
1712252100,392.69,392.74,389.82,390.14,0,0
1712255040,390.1,390.18,386.98,387.13,0,0
1712257980,387.13,387.44,385.58,386.09,0,0
1712323800,386.36,387.5,386.08,387,0,0
1712326740,387.02,388.52,386.53,388.18,0,0
1712329680,388.25,389.97,387.66,389.94,0,0
1712332620,389.92,390.13,389.43,389.97,0,0
1712335560,390.05,390.45,389.22,389.88,0,0
1712338500,389.86,389.91,388.31,389.51,0,0
1712341440,389.5,389.51,388.49,388.92,0,0
1712344380,388.92,389.67,388.86,388.92,0,0
1712583000,389.05,390.11,388.78,389.18,0,0
1712585940,389.02,389.95,389.02,389.77,0,0
1712588880,389.79,389.96,388.8,388.83,0,0
1712591820,388.88,389.35,388.57,389.27,0,0
1712594760,389.23,389.49,389.07,389.4,0,0
1712597700,389.4,389.67,389.14,389.41,0,0
1712600640,389.4,389.5,389.02,389.3,0,0
1712603580,389.38,389.75,388.79,389.1,0,0
1712669400,389.66,389.98,388.12,388.86,0,0
1712672340,388.88,388.91,385.73,386.5,0,0
1712675280,386.58,387.5,386.34,387.44,0,0
1712678220,387.41,388.06,387.35,387.8,0,0
1712681160,387.8,387.96,387.15,387.59,0,0
1712684100,387.6,387.96,387.09,387.55,0,0
1712687040,387.49,387.53,386.73,386.88,0,0
1712689980,386.91,388.98,386.91,388.9,0,0
1712755800,384.9,385.16,383.48,384.81,0,0
1712758740,384.85,385.96,384.4,384.78,0,0
1712761680,384.66,384.66,383.65,383.78,0,0
1712764620,383.77,384.2,383.62,383.99,0,0
1712767560,384.01,384.99,383.04,383.87,0,0
1712770500,383.78,384.75,383.15,383.84,0,0
1712773440,383.76,384.18,383.11,383.639,0,0
1712776380,383.67,385.12,383.64,384.54,0,0
1712842200,385.46,385.66,382.15,382.32,0,0
1712845140,382.32,382.85,382,382.21,0,0
1712848080,382.25,383.59,382.15,383.47,0,0
1712851020,383.54,383.94,383.21,383.43,0,0
1712853960,383.51,385.17,383.23,384.85,0,0
1712856900,384.72,386.08,384.47,385.54,0,0
1712859840,385.59,386,385.29,385.6,0,0
1712862780,385.59,385.68,384.5,384.54,0,0
1712928600,382.34,382.81,381.37,381.9,0,0
1712931540,381.9,381.95,380.46,380.85,0,0
1712934480,380.87,381.92,380.73,381.56,0,0
1712937420,381.55,381.76,379.85,380.06,0,0
1712940360,380.07,380.16,378.87,378.91,0,0
1712943300,378.92,380.24,378.8,379.9,0,0
1712946240,379.85,379.85,378.941,379.14,0,0
1712949180,379.1,379.95,378.77,379.91,0,0
1713187800,383.33,383.82,381.195,381.97,0,0
1713190740,381.8,381.83,380.41,380.62,0,0
1713193680,380.62,381.59,380.4,381.49,0,0
1713196620,381.5,381.57,379.8,379.85,0,0
1713199560,379.86,380.5,377.74,377.95,0,0
1713202500,377.96,378.45,377.21,377.36,0,0
1713205440,377.37,378.26,376.92,377.29,0,0
1713208380,377.23,378,376.6,377.32,0,0
1713274200,379.74,379.76,377.99,379.04,0,0
1713277140,378.93,378.97,377.52,378.06,0,0
1713280080,378.11,379.44,377.88,379.29,0,0
1713283020,379.21,379.21,378.33,378.59,0,0
1713285960,378.6,379.21,377.05,378.06,0,0
1713288900,378.02,379.93,377.19,377.55,0,0
1713291840,377.52,379.34,377.29,378.89,0,0
1713294780,378.83,379.46,377.89,377.99,0,0
1713360600,379.21,380.19,378.35,378.551,0,0
1713363540,378.49,378.89,377.25,377.59,0,0
1713366480,377.63,377.76,376.44,377.18,0,0
1713369420,377.15,377.26,376.27,376.47,0,0
1713372360,376.37,378.08,376.14,377.88,0,0
1713375300,377.92,378.62,377.56,378,0,0
1713378240,378,379.6,377.09,377.23,0,0
1713381180,377.19,378.12,377.12,377.47,0,0
1713447000,379.06,380.2,378.34,380,0,0
1713449940,380.04,380.73,379.64,380.55,0,0
1713452880,380.695,380.9,379.68,379.84,0,0
1713455820,379.9,380.13,378.57,378.66,0,0
1713458760,378.61,378.73,376.92,377.35,0,0
1713461700,377.36,378.18,376.84,378.04,0,0
1713464640,378.02,378.21,376.99,377.93,0,0
1713467580,377.93,378.76,377.63,377.87,0,0
1713533400,378.55,379.91,377.92,379.13,0,0
1713536340,379.23,379.95,378.79,379.5,0,0
1713539280,379.5,379.74,379.02,379.24,0,0
1713542220,379.2,379.68,378.26,379,0,0
1713545160,378.98,380.44,378.72,379.88,0,0
1713548100,379.99,381.02,379.37,379.59,0,0
1713551040,379.66,379.83,378.54,379.3,0,0
1713553980,379.25,380.07,378.99,379.78,0,0
1713792600,381.7,381.91,380,380.97,0,0
1713795540,381,381.05,380.15,380.18,0,0
1713798480,380.18,380.89,379.81,380.89,0,0
1713801420,380.86,381.8,380.82,381.56,0,0
1713804360,381.55,383.18,381.51,383.09,1,0
1713807300,383.08,384.37,382.86,384.27,0,0
1713810240,384.3,384.44,383.29,383.35,0,0
1713813180,383.35,383.42,381.99,382.43,0,0
1713879000,383.7,384.3,382.93,383.95,0,0
1713881940,383.94,385.08,383.56,384.46,0,0
1713884880,384.41,384.78,384.05,384.3,0,0
1713887820,384.21,385.02,384.07,384.94,0,0
1713890760,384.89,385.18,384.59,385.17,0,0
1713893700,385.13,385.57,384.85,385.26,0,0
1713896640,385.25,385.3,384.62,384.92,0,0
1713899580,384.94,385.16,384.61,385.05,0,0
1713965400,384.87,385.19,384.13,384.67,0,0
1713968340,384.61,384.96,383.63,383.69,0,0
1713971280,383.7,383.91,383.03,383.31,0,0
1713974220,383.37,383.96,383.17,383.17,0,0
1713977160,383.17,384.62,383.15,384.54,0,0
1713980100,384.56,385.46,384.24,384.6,0,0
1713983040,384.66,384.68,383.83,384.3,0,0
1713985980,384.31,385.06,384.2,384.49,0,0
1714051800,379.79,380.1,377.49,378.22,0,1
1714054740,378.13,378.36,377.49,378.31,0,0
1714057680,378.26,378.81,378.01,378.62,0,0
1714060620,378.59,379.94,378.59,379.85,0,0
1714063560,379.92,380.39,379.65,380.34,0,0
1714066500,380.37,381.55,380.37,380.95,0,0
1714069440,380.95,380.95,379.68,380.92,0,0
1714072380,380.9,381.54,380.43,380.93,0,0
1714138200,380.75,383,380.5,382.55,0,0
1714141140,382.59,382.83,381.76,382.04,0,0
1714144080,382,382.48,381.4,382.28,1,0
1714147020,382.33,382.93,382.25,382.77,0,0
1714149960,382.79,383.21,382.69,383.17,0,0
1714152900,383.2,383.34,382.78,382.87,0,0
1714155840,382.85,383.06,382.61,382.89,0,0
1714158780,382.88,383.04,382.25,382.28,0,0
1714397400,383.05,383.98,382.94,383.5,0,0
1714400340,383.45,383.62,382.73,383.11,0,0
1714403280,383.12,383.31,382.82,382.98,0,0
1714406220,383.01,383.61,382.97,383.61,0,0
1714409160,383.65,383.71,383.33,383.7,0,0
1714412100,383.75,384.03,383.63,383.67,0,0
1714415040,383.68,383.76,382.08,382.77,0,0
1714417980,382.78,383.86,382.74,383.78,0,0
1714483800,382.46,382.53,381.34,382.44,0,0
1714486740,382.46,382.73,381.61,381.76,0,0
1714489680,381.75,381.81,380.44,380.84,0,1
1714492620,380.86,380.94,379.47,379.47,0,0
1714495560,379.54,380.17,379.54,379.96,0,0
1714498500,379.93,380.72,379.87,380.08,0,0
1714501440,380.07,380.12,379,379.66,0,0
1714504380,379.66,379.7,378.08,378.1,0,0
1714570200,378.27,379.31,378,378.63,0,0
1714573140,378.6,379.32,378.36,379.11,0,0
1714576080,379.07,379.55,378.67,379.22,0,0
1714579020,379.14,379.59,378.9,379.3,0,0
1714581960,379.35,379.61,378.84,379.61,0,0
1714584900,379.64,379.94,379.14,379.88,0,0
1714587840,379.85,383.48,379.37,382.92,1,0
1714590780,382.905,383.25,378.77,378.81,0,0
1714656600,381.14,381.62,378.89,379.9,0,0
1714659540,379.91,381.09,379.67,381.08,0,0
1714662480,381.01,381.29,380.18,381,0,0
1714665420,380.97,381,379.88,380.62,0,0
1714668360,380.62,381.78,380.31,381.39,0,0
1714671300,381.27,382.07,381.23,381.7,0,0
1714674240,381.75,382.91,381.69,382.36,0,0
1714677180,382.35,382.7,381.42,382.35,0,0
1714743000,387.21,387.99,385.91,386.15,0,0
1714745940,386.14,386.16,385.06,385.58,0,0
1714748880,385.59,386.66,385.11,386.59,0,0
1714751820,386.62,386.83,386.37,386.63,0,0
1714754760,386.74,386.94,386.33,386.69,0,0
1714757700,386.71,387.16,386.68,387.09,0,0
1714760640,387.1,387.28,386.53,386.54,0,0
1714763580,386.55,387.03,386.46,386.69,0,0
1715002200,388.32,388.74,387.71,387.99,0,0
1715005140,388.09,388.23,387.34,387.59,0,0
1715008080,387.56,387.61,386.9,387.22,0,0
1715011020,387.26,387.48,386.83,387.48,0,0
1715013960,387.5,387.85,387.28,387.85,0,0
1715016900,387.88,388.25,387.82,388.19,0,0
1715019840,388.2,388.62,387.53,387.71,0,0
1715022780,387.71,388.49,387.43,388.45,0,0
1715088600,389.17,389.67,388.62,389.65,0,0
1715091540,389.66,389.77,389.22,389.62,0,0
1715094480,389.61,389.61,389,389.11,0,0
1715097420,389.06,389.13,388.72,388.75,0,0
1715100360,388.8,389.43,388.64,389.24,0,0
1715103300,389.22,389.29,388.46,388.59,0,0
1715106240,388.56,388.76,388.34,388.74,0,0
1715109180,388.75,389.28,388.46,388.71,0,0
1715175000,388.33,389,388.21,388.89,0,0
1715177940,388.85,389.63,388.81,389.55,0,0
1715180880,389.53,389.78,389.29,389.59,0,0
1715183820,389.61,389.8,389.18,389.46,0,0
1715186760,389.51,389.7,389.29,389.48,0,0
1715189700,389.55,390.31,389.43,390.13,0,0
1715192640,390.2,390.48,389.895,390.28,0,0
1715195580,390.29,390.91,390.24,390.44,0,0
1715261400,390.07,391.95,390.05,391.79,0,0
1715264340,391.82,392.83,391.75,392.61,0,0
1715267280,392.64,392.64,392.23,392.29,0,0
1715270220,392.3,392.57,392.12,392.56,0,0
1715273160,392.56,393.21,392.47,393.13,0,0
1715276100,393.16,393.36,393.05,393.09,0,0
1715279040,393.09,393.94,393.05,393.83,0,0
1715281980,393.83,394.26,393.78,394.04,0,0
1715347800,395.26,395.89,394.98,395.42,0,0
1715350740,395.48,395.5,394.54,394.62,0,0
1715353680,394.65,394.81,394.1,394.46,0,0
1715356620,394.49,395,394.37,394.94,0,0
1715359560,394.96,395.19,394.66,394.88,0,0
1715362500,394.85,395.03,394.63,394.88,0,0
1715365440,394.8,395.17,394.54,395.17,0,0
1715368380,395.13,395.54,395.11,395.11,0,0
1715607000,396.38,396.6,395.88,396.08,0,0
1715609940,396.07,396.13,395.33,395.38,0,0
1715612880,395.39,395.71,394.94,395.18,0,0
1715615820,395.17,395.32,394.98,395,0,0
1715618760,395.07,395.1,394.08,394.5,0,0
1715621700,394.49,394.61,394.22,394.57,0,0
1715624640,394.58,394.74,394.41,394.55,0,0
1715627580,394.57,394.82,394.26,394.48,0,0
1715693400,394.59,395.58,394.34,394.82,0,0
1715696340,394.69,395.27,394.14,394.77,0,0
1715699280,394.81,394.96,394.22,394.38,0,0
1715702220,394.34,394.48,394.14,394.2,0,0
1715705160,394.23,394.38,393.81,393.97,0,0
1715708100,393.96,394.95,393.96,394.9,0,0
1715711040,394.96,395.9,394.9,395.72,0,0
1715713980,395.72,396.25,395.58,395.58,0,0
1715779800,397.21,398.07,396.94,397.19,0,0
1715782740,397.15,397.99,397.07,397.95,0,0
1715785680,397.98,398.55,397.98,398.12,0,0
1715788620,398.01,398.41,397.72,398.41,0,0
1715791560,398.4,398.78,398.38,398.64,0,0
1715794500,398.66,398.79,398.2,398.39,0,0
1715797440,398.43,398.61,398.27,398.57,0,0
1715800380,398.55,399.5,398.48,399.32,0,0
1715866200,399.75,400.35,399.26,400.35,0,0
1715869140,400.33,400.99,400.29,400.76,0,0
1715872080,400.74,400.95,400.15,400.49,0,0
1715875020,400.52,400.64,400.13,400.3,0,0
1715877960,400.27,400.51,399.58,399.99,0,0
1715880900,399.96,399.96,399.17,399.63,0,0
1715883840,399.66,400.26,399.49,400.09,0,0
1715886780,400.1,400.23,399.13,399.19,0,0
1715952600,399.08,399.27,398.43,398.97,0,0
1715955540,398.96,399.13,398.64,398.87,0,0
1715958480,398.89,398.93,398.5,398.87,0,0
1715961420,398.86,399.1,398.73,398.86,0,0
1715964360,398.84,399.35,398.84,399.23,0,0
1715967300,399.2,399.44,398.46,398.54,0,0
1715970240,398.52,399.51,398.52,399.4,0,0
1715973180,399.37,400,399.37,399.98,0,0
1716211800,399.78,400.4,399.01,400.37,0,0
1716214740,400.34,400.6,400.2,400.32,0,0
1716217680,400.37,400.72,400.11,400.18,0,0
1716220620,400.21,400.24,399.73,399.73,0,0
1716223560,399.76,399.87,398.91,399.07,0,0
1716226500,398.98,399.09,397.91,398.28,0,0
1716229440,398.28,398.69,398.1,398.355,0,0
1716232380,398.36,398.48,397.85,398.11,0,1
1716298200,398.32,398.7,397.8,398.59,0,0
1716301140,398.56,398.86,398.24,398.32,0,0
1716304080,398.33,398.87,398.31,398.38,0,0
1716307020,398.38,398.4,398.02,398.16,0,0
1716309960,398.22,398.36,397.8,398.04,0,0
1716312900,398.05,398.5,398.04,398.36,0,0
1716315840,398.32,398.58,398.17,398.51,0,0
1716318780,398.52,399.06,398.43,398.81,0,0
1716384600,397.95,398.869,397.94,398.57,0,0
1716387540,398.66,398.84,398.42,398.53,0,0
1716390480,398.52,398.6,397.6,397.92,0,0
1716393420,397.9,398.52,397.9,398.52,0,0
1716396360,398.33,398.53,397.95,398.025,0,0
1716399300,397.985,397.985,395.96,396.28,0,0
1716402240,396.25,396.45,395.51,396.3,0,0
1716405180,396.3,396.95,395.67,396.62,0,0
1716471000,397.03,397.08,394.18,394.56,0,0
1716473940,394.55,394.57,393.7,394.19,0,0
1716476880,394.16,394.45,393.6,394.45,0,0
1716479820,394.39,394.39,393.6,393.6,0,0
1716482760,393.65,393.65,392.38,392.47,0,0
1716485700,392.37,392.37,390.3,390.585,0,0
1716488640,390.57,391.05,390.33,390.6,0,0
1716491580,390.54,390.97,390.25,390.72,0,0
1716557400,391.22,391.91,390.84,390.98,0,0
1716560340,391.11,391.91,390.41,391.84,0,0
1716563280,391.81,392.26,391.33,391.63,0,0
1716566220,391.54,391.93,391.39,391.47,0,0
1716569160,391.44,391.69,391.15,391.29,0,0
1716572100,391.33,391.5,390.96,391.05,0,0
1716575040,390.99,391.2,390.16,390.62,0,0
1716577980,390.59,390.91,390.37,390.66,0,0
1716903000,389.81,390.22,389.05,389.48,0,0
1716905940,389.51,389.6,388.91,389.12,0,0
1716908880,389.11,389.48,389.06,389.15,0,0
1716911820,389.15,389.29,388.86,389.22,0,0
1716914760,389.23,389.24,388.13,388.44,0,0
1716917700,388.44,388.46,387.62,387.78,0,0
1716920640,387.75,387.81,387.02,387.73,0,0
1716923580,387.7,388.62,387.56,388.6,0,0
1716989400,385.36,385.72,384.26,385.2,0,0
1716992340,385.15,385.6,384.79,385.12,0,0
1716995280,385.15,385.3,384.72,385.05,0,0
1716998220,385,385.33,384.56,385.09,0,0
1717001160,385.13,385.25,384.61,384.88,0,0
1717004100,384.88,385.14,384.63,384.67,0,0
1717007040,384.66,384.91,384.4,384.67,0,0
1717009980,384.77,385.31,384.32,384.62,0,0
1717075800,381.4,382.2,380.41,380.77,0,0
1717078740,380.8,381.21,380.7,380.99,0,0
1717081680,381.04,381.73,381.04,381.38,0,0
1717084620,381.39,381.94,381.17,381.94,0,0
1717087560,381.92,382.39,381.76,382.01,0,0
1717090500,381.96,382.29,381.38,381.59,0,0
1717093440,381.59,381.97,381.28,381.72,0,0
1717096380,381.72,381.87,380.48,381.41,0,0
1717162200,381.98,383.14,381.27,381.7,0,0
1717165140,381.83,382.12,381.54,381.74,0,0
1717168080,381.71,382.32,381.71,381.88,0,0
1717171020,381.96,382.39,381.58,382.34,0,0
1717173960,382.37,383.49,382.24,383.3,0,0
1717176900,383.41,384.26,383.27,384.175,1,0
1717179840,384.15,384.39,383.81,384.38,0,0
1717182780,384.36,387.59,384.08,387.54,0,0
1717421400,387.85,387.86,386.17,386.97,0,0
1717424340,387.03,387.14,385.05,385.26,0,0
1717427280,385.22,385.4,384.36,384.77,0,0
1717430220,384.76,385.06,383.15,383.36,0,0
1717433160,383.31,384.27,382.93,384.14,0,0
1717436100,384.17,384.85,384.09,384.84,0,0
1717439040,384.73,385.26,384.59,385.22,0,0
1717441980,385.31,386.28,385.03,386.28,0,0
1717507800,385,387.15,384.55,386.885,0,0
1717510740,386.88,387.28,385.6,385.78,0,0
1717513680,385.89,386.36,385.44,385.64,0,0
1717516620,385.63,386.29,385.27,386.2,0,0
1717519560,386.33,386.98,385.86,386.58,0,0
1717522500,386.67,388.25,386.61,388.16,0,0
1717525440,388.19,388.37,386.44,387.03,0,0
1717528380,386.83,387.71,386.75,387.49,0,0
1717594200,388.61,388.61,385.97,386.18,0,0
1717597140,386.11,387.41,386.08,387.41,0,0
1717600080,387.35,388.32,387.17,388.28,0,0
1717603020,388.36,388.4,387.49,388.15,0,0
1717605960,388.15,388.28,387.38,387.84,0,0
1717608900,387.81,388.47,387.68,388.47,0,0
1717611840,388.47,388.95,388.47,388.55,0,0
1717614780,388.59,388.71,387.94,388.52,0,0
1717680600,388.82,390.56,387.89,390.03,0,0
1717683540,390.12,390.14,388.58,388.89,0,0
1717686480,388.91,389.35,388.88,388.99,0,0
1717689420,388.96,389.07,388.6,388.93,0,0
1717692360,388.93,389.13,388.58,389.01,0,0
1717695300,389.03,389.2,387.89,388.49,0,0
1717698240,388.42,389.53,388.26,389.36,0,0
1717701180,389.381,389.56,389.03,389.34,0,0
1717767000,388.83,389.99,387.92,389.99,0,0
1717769940,390,391.61,389.58,389.605,0,0
1717772880,389.55,390.39,389.47,390.1,0,0
1717775820,390.11,390.32,389.66,389.84,0,0
1717778760,389.78,390.62,389.5,390.18,0,0
1717781700,390.28,390.32,388.69,389.2,0,0
1717784640,389.21,389.94,389.21,389.39,0,0
1717787580,389.4,389.44,388.33,388.52,0,0
1718026200,387.95,389.1,387.23,388.75,0,0
1718029140,388.73,388.73,387.46,387.77,0,0
1718032080,387.82,388.51,387.49,388.44,0,0
1718035020,388.42,388.45,388.02,388.18,0,0
1718037960,388.14,388.35,387.84,388.3,0,0
1718040900,388.39,389.21,388.35,388.98,0,0
1718043840,389,389.25,388.79,388.94,0,0
1718046780,388.95,389.34,388.62,389.34,0,0
1718112600,387.67,387.8,384.9,386.23,0,1
1718115540,386.39,387.5,386.2,387.19,0,0
1718118480,387.235,387.34,386.79,386.99,0,0
1718121420,386.98,387.04,386.1,386.43,0,0
1718124360,386.43,386.89,386.11,386.61,0,0
1718127300,386.57,387.74,386.57,387.7,0,0
1718130240,387.68,388.2,387.62,387.69,0,0
1718133180,387.68,388.08,387.27,388.06,0,0
1718199000,391.72,391.91,389.85,390.27,0,0
1718201940,390.29,390.67,389.66,389.9,1,0
1718204880,389.82,389.82,388.77,389.27,0,0
1718207820,389.3,389.3,388.24,388.47,0,0
1718210760,388.46,388.86,388.14,388.43,0,0
1718213700,388.5,388.62,387.22,388.31,0,0
1718216640,388.21,388.82,387.26,388.38,0,0
1718219580,388.35,389.18,386.73,387.57,0,0
1718285400,386.82,386.96,385.03,385.55,0,1
1718288340,385.57,385.64,384.6,384.93,0,0
1718291280,384.99,385.68,384.7,385.25,0,0
1718294220,385.29,385.56,384.65,385.42,0,0
1718297160,385.44,386.5,385.33,386.25,0,0
1718300100,386.23,386.81,386.11,386.81,0,0
1718303040,386.8,387.67,386.68,387.21,0,0
1718305980,387.2,387.41,386.7,386.89,0,0
1718371800,384.62,385.87,383.63,384.23,0,0
1718374740,384.24,385.18,383.79,384.9,0,0
1718377680,384.84,386.12,384.795,385.83,0,0
1718380620,385.82,386.43,385.61,386.41,0,0
1718383560,386.42,386.53,385.92,386.06,0,0
1718386500,386.03,386.04,385.23,385.71,0,0
1718389440,385.7,386.39,385.63,386.17,0,0
1718392380,386.16,386.49,385.88,386.48,0,0
1718631000,385.26,386.3,385,385.68,0,0
1718633940,385.74,386.76,385.62,386.58,0,0
1718636880,386.68,387.33,386.56,386.74,0,0
1718639820,386.76,387.85,386.63,387.53,1,0
1718642760,387.53,388.17,387.37,387.98,0,0
1718645700,388.101,389.02,387.99,388.74,0,0
1718648640,388.76,389.1,388.38,388.63,0,0
1718651580,388.65,389.2,388.39,388.64,0,0
1718717400,388.9,390.18,388.49,388.87,0,0
1718720340,388.84,388.97,388.02,388.3,0,0
1718723280,388.26,388.78,388.21,388.64,0,0
1718726220,388.64,389.14,388.39,388.59,0,0
1718729160,388.56,388.79,388.23,388.67,0,0
1718732100,388.66,389.1,388.36,388.68,0,0
1718735040,388.55,388.83,388.23,388.32,0,0
1718737980,388.39,389.23,388.39,389.19,0,0
1718890200,388.74,390.75,388.38,390.72,0,0
1718893140,390.69,390.92,389.61,389.81,0,0
1718896080,389.75,390.19,389.63,389.95,0,0
1718899020,389.88,390.61,389.77,390.5,0,0
1718901960,390.5,391.13,390.45,390.99,0,0
1718904900,390.96,392.82,390.79,392.72,0,0
1718907840,392.72,393.11,392.14,392.45,0,0
1718910780,392.38,392.4,391.5,392.11,0,0
1718976600,391.66,392.19,390.49,392,0,0
1718979540,392.11,392.46,391.56,391.79,0,0
1718982480,391.7,391.75,390.69,390.94,0,0
1718985420,390.95,391.52,390.83,391.37,0,0
1718988360,391.44,391.59,391.06,391.16,0,0
1718991300,391.16,391.79,390.98,391.57,0,0
1718994240,391.62,391.78,391.17,391.57,0,0
1718997180,391.53,391.85,391.28,391.45,0,0
1719235800,392.47,394.68,391.93,394.45,0,0
1719238740,394.42,395.59,394.42,395.21,0,0
1719241680,395.16,395.39,394.73,394.84,0,0
1719244620,394.83,395.06,394.58,394.81,0,0
1719247560,394.76,394.76,393.69,393.69,0,0
1719250500,393.72,394.13,393.49,394.01,0,0
1719253440,394.03,394.425,393.89,394.2,0,0
1719256380,394.19,394.67,393.94,393.99,0,0
1719322200,393.55,394.1,392.22,392.93,0,0
1719325140,392.89,393.15,391.6,391.61,0,0
1719328080,391.6,391.65,391.01,391.03,0,1
1719331020,391,391.12,389.83,389.86,0,0
1719333960,389.89,391.05,389.89,390.99,0,0
1719336900,390.97,391.23,390.7,391.15,0,0
1719339840,391.19,391.47,390.9,391.45,0,0
1719342780,391.41,391.53,390.73,391.08,0,0
1719408600,390.01,390.16,389.02,389.49,0,0
1719411540,389.51,390.65,389.37,390.29,0,0
1719414480,390.33,391.34,389.97,391.16,0,0
1719417420,391.2,391.58,391.15,391.47,0,0
1719420360,391.51,391.6,391.03,391.44,0,0
1719423300,391.38,391.52,391.21,391.51,0,0
1719426240,391.56,391.72,391.22,391.26,0,0
1719429180,391.19,391.73,391.02,391.21,0,0
1719495000,390.6,391.65,390.38,391.63,0,0
1719497940,391.59,392.39,391.56,391.66,1,0
1719500880,391.61,392.01,391.49,391.79,0,0
1719503820,391.81,392.36,391.74,391.92,0,0
1719506760,391.91,392.42,391.8,392.235,0,0
1719509700,392.25,392.305,390.4,390.58,0,0
1719512640,390.58,391.08,390.16,391.02,0,0
1719515580,391.02,391.64,390.93,391.58,0,0
1719581400,391.39,394.22,390.95,393.44,0,0
1719584340,393.34,394.32,392.47,392.65,0,0
1719587280,392.54,392.98,392,392.19,0,0
1719590220,392.23,392.23,391.28,391.74,0,0
1719593160,391.6,392.02,391.17,391.2,0,0
1719596100,391.2,391.36,390.36,390.48,0,0
1719599040,390.42,390.74,389.83,389.99,0,1
1719601980,390,391.2,389.25,391.19,0,0
1719840600,392.08,394.27,391.62,392.03,0,0
1719843540,392.04,392.2,390.25,391.07,0,0
1719846480,391.17,391.54,390.8,391.31,0,0
1719849420,391.38,392,391.01,392,0,0
1719852360,391.99,392.03,391.5,391.73,0,0
1719855300,391.67,391.85,391.39,391.78,0,0
1719858240,391.76,391.79,391.04,391.23,0,0
1719861180,391.23,391.79,390.54,391.49,0,0
1719927000,390.83,392.05,390.72,391.35,0,0
1719929940,391.34,391.63,390.9,391.34,0,0
1719932880,391.34,391.8,391.33,391.38,0,0
1719935820,391.41,391.41,390.79,390.97,0,0
1719938760,390.93,391.59,390.73,391.57,0,0
1719941700,391.49,392.64,391.49,392.47,1,0
1719944640,392.56,392.72,392.4,392.47,0,0
1719947580,392.48,393.29,392.47,393.25,0,0
1720013400,393.73,394.05,392.83,393.46,0,0
1720016340,393.32,393.51,392.28,392.4,0,0
1720019280,392.49,392.88,392.22,392.28,0,0
1720022220,392.27,393.02,392.15,392.77,0,0
1720025160,392.76,393.23,392.65,392.83,0,0
1720186200,393.19,393.39,391.65,392.12,0,0
1720189140,392.2,393.08,391.87,393.08,0,0
1720192080,393.11,393.49,392.82,393.37,0,0
1720195020,393.36,393.36,392.19,392.25,0,0
1720197960,392.28,392.79,392.25,392.79,0,0
1720200900,392.83,393.44,392.79,393.21,0,0
1720203840,393.22,393.84,393.13,393.56,0,0
1720206780,393.55,393.97,393.37,393.7,0,0
1720445400,394.41,396.7,394.39,395.63,0,0
1720448340,395.67,395.67,395.16,395.36,0,0
1720451280,395.35,395.35,393.2,393.28,0,0
1720454220,393.29,393.6,392.93,393.39,0,0
1720457160,393.37,393.45,392.8,393.13,0,0
1720460100,393.12,393.5,393.1,393.32,0,0
1720463040,393.33,393.43,392.85,393.36,0,0
1720465980,393.36,393.52,393.12,393.45,0,0
1720531800,393.22,393.34,391.58,391.58,0,0
1720534740,391.57,392.75,391.47,392.57,0,0
1720537680,392.59,393.05,392.26,392.99,0,0
1720540620,393.03,394.35,393.01,394.35,0,0
1720543560,394.39,395.04,394.15,394.29,0,0
1720546500,394.25,394.28,393.23,393.28,0,0
1720549440,393.27,393.37,392.54,392.62,0,0
1720552380,392.61,393.27,392.54,392.97,0,0
1720618200,392.93,393.63,392.66,392.9,0,0
1720621140,392.89,393.6,392.63,393.53,0,0
1720624080,393.53,394.07,393.39,394.01,0,0
1720627020,394,395.01,393.97,394.89,0,0
1720629960,394.9,395.35,394.6,394.96,0,0
1720632900,394.91,395.26,394.8,394.97,0,0
1720635840,394.95,395.67,394.91,395.63,0,0
1720638780,395.6,397.47,395.54,397.19,0,0
1720704600,397.5,398.9,396.31,398.28,0,0
1720707540,398.19,398.51,397.35,398.4,0,0
1720710480,398.34,398.71,397.76,398.13,0,0
1720713420,398.14,398.26,397.44,397.51,0,0
1720716360,397.51,397.89,397.06,397.55,0,0
1720719300,397.51,398.19,397.39,397.91,0,0
1720722240,397.95,398.02,397.45,397.52,0,0
1720725180,397.52,397.95,397.32,397.57,0,0
1720791000,398.86,399.53,398.12,399.53,0,0
1720793940,399.57,400.65,399.14,400.59,0,0
1720796880,400.55,401.09,400.53,401.04,0,0
1720799820,401.01,401.05,400.4,400.78,0,0
1720802760,400.76,402.08,400.62,402.03,0,0
1720805700,402.02,402.68,401.89,402.04,0,0
1720808640,402,402.14,401.69,401.91,0,0
1720811580,401.96,402.11,399.83,400.27,0,0
1721050200,402.47,403.08,401.43,402.2,0,0
1721053140,402.09,402.91,401.55,402.85,0,0
1721056080,402.83,403.51,402.58,403.49,0,0
1721059020,403.52,403.6,402.05,402.05,0,0
1721061960,402.1,402.59,401.4,401.4,0,0
1721064900,401.49,402.16,401.49,402.16,0,0
1721067840,402.23,403.1,402.12,403.02,0,0
1721070780,403.07,403.39,401.48,402.37,0,0
1721136600,403.84,407.44,403.83,407.31,0,0
1721139540,407.27,408.16,407.18,407.95,0,0
1721142480,407.92,408.6,407.09,407.28,0,0
1721145420,407.3,408.25,407.23,408.04,0,0
1721148360,408.07,408.62,407.65,408.12,0,0
1721151300,408.12,408.96,408.01,408.86,0,0
1721154240,408.88,409.54,408.66,409.41,0,0
1721157180,409.42,409.99,409.2,409.63,0,0
1721223000,408.56,411.41,408.56,411.29,0,0
1721225940,411.18,411.4,410.31,410.38,0,0
1721228880,410.54,411.75,410.43,411.74,0,0
1721231820,411.58,412,411.45,411.96,0,0
1721234760,411.96,412.22,411.1,411.51,0,0
1721237700,411.51,412.02,411.25,411.91,0,0
1721240640,411.96,412.26,411.62,411.92,0,0
1721243580,411.93,412.33,411.5,411.92,0,0
1721309400,410.72,413.7,410.46,413.46,0,0
1721312340,413.45,413.87,411.78,411.85,0,0
1721315280,411.92,412.03,409.54,409.58,0,0
1721318220,409.56,409.74,408.48,409.2,0,0
1721321160,409.06,409.54,408.94,409.37,0,0
1721324100,409.35,409.45,407.55,407.72,0,0
1721327040,407.78,407.92,406.45,406.45,0,1
1721329980,406.46,407.75,406.05,406.73,0,0
1721395800,405.37,406.06,403.8,404.47,0,0
1721398740,404.45,404.72,403.37,403.64,0,0
1721401680,403.57,403.63,402.07,402.92,0,0
1721404620,402.88,404.09,402.75,402.85,0,0
1721407560,402.8,402.88,401.99,402.12,0,0
1721410500,402.15,403.14,401.98,402.82,0,0
1721413440,402.78,403.57,402.3,403.5,0,0
1721416380,403.48,403.81,402.24,402.91,0,0
1721655000,404.04,404.62,402.24,402.82,0,0
1721657940,402.88,404.73,402.88,404.55,0,0
1721660880,404.53,404.565,402.48,402.8,0,0
1721663820,402.87,403.23,402.56,402.67,0,0
1721666760,402.76,404.25,402.75,404.19,0,0
1721669700,404.04,404.11,403.51,403.81,0,0
1721672640,403.78,404.44,403.74,404.23,0,0
1721675580,404.27,404.54,403.9,404.11,0,0
1721741400,404.29,405.03,403.23,404.77,0,0
1721744340,404.78,405.01,403.4,404.11,0,0
1721747280,404.19,405.13,404.19,405.07,0,0
1721750220,404.93,405.3,403.61,403.77,0,0
1721753160,403.76,404.41,403.57,403.8,0,0
1721756100,403.77,404.94,403.76,404.93,0,0
1721759040,404.95,404.95,404.41,404.67,0,0
1721761980,404.59,404.78,403.24,403.52,0,0
1721827800,401.73,402.63,399.49,399.85,0,0
1721830740,399.8,400.96,399.58,399.63,0,0
1721833680,399.65,400.4,399.49,400.03,0,0
1721836620,400.05,400.9,399.97,400.13,0,0
1721839560,400.15,400.82,400.02,400.47,0,0
1721842500,400.5,400.73,399.78,399.93,0,0
1721845440,399.93,400.11,399.1,399.29,0,0
1721848380,399.33,399.57,398.09,398.6,0,0
1721914200,398.63,400.79,398.37,400.68,0,0
1721917140,400.68,401.13,399.61,400.98,0,0
1721920080,401.08,402.11,400.77,401.75,0,0
1721923020,401.77,403.86,401.67,403.66,1,0
1721925960,403.66,404.4,402.56,402.6,0,0
1721928900,402.49,402.78,401.76,401.99,0,0
1721931840,402.06,402.17,400.34,400.67,0,0
1721934780,400.76,402.3,399.37,399.53,0,0
1722000600,401.78,405.63,401.71,404.48,0,0
1722003540,404.47,406.06,404,405.75,0,0
1722006480,405.85,406.46,405.09,406.37,0,0
1722009420,406.32,407.34,406.08,406.97,0,0
1722012360,406.98,407.59,406.74,406.92,0,0
1722015300,406.92,406.92,405.6,406.25,0,0
1722018240,406.26,406.43,405.35,406.17,0,0
1722021180,406.19,406.65,405.18,405.99,0,0
1722259800,406.86,407,404.43,405.36,0,0
1722262740,405.42,405.57,403.89,404.65,0,0
1722265680,404.51,405.82,404.23,405.82,0,0
1722268620,405.88,406.45,405.82,405.93,0,0
1722271560,405.955,406.51,405.52,405.74,0,0
1722274500,405.57,405.99,405.47,405.8,0,0
1722277440,405.8,406.06,405.45,405.85,0,0
1722280380,405.9,406.38,405.27,405.5,0,0
1722346200,405.87,407.8,405.86,406.19,0,0
1722349140,406.38,407.53,405.53,405.69,0,0
1722352080,405.73,406.72,405.48,405.62,0,0
1722355020,405.62,406.72,405.4,406.44,0,0
1722357960,406.445,406.59,405.28,406.1,0,0
1722360900,406.12,407.69,406.06,407.3,0,0
1722363840,407.33,407.38,406.37,406.56,0,0
1722366780,406.61,408.75,406.5,407.39,0,0
1722432600,407.47,408.78,406.49,408.62,0,0
1722435540,408.62,409.41,408.22,409.37,0,0
1722438480,409.43,410.04,409.14,409.51,0,0
1722441420,409.66,410.25,409.46,410.25,0,0
1722444360,410.26,410.52,409.19,409.34,0,0
1722447300,409.43,410.75,409.05,410.41,0,0
1722450240,410.51,412.01,410.25,410.7,0,0
1722453180,410.69,410.96,408.13,408.49,0,0
1722519000,409.74,410.91,406.8,406.8,0,0
1722521940,406.78,407.11,404.1,404.16,0,1
1722524880,404.21,404.37,402.83,403.31,0,0
1722527820,403.27,404.33,402.7,402.98,0,0
1722530760,403,403.31,402.15,402.16,0,0
1722533700,402.17,402.66,401.59,401.91,0,0
1722536640,401.88,401.92,400.96,401.92,0,0
1722539580,401.81,403.53,401.48,403.27,0,0
1722605400,399.93,400.4,396.94,397.32,0,0
1722608340,397.19,397.19,394.07,394.35,0,0
1722611280,394.25,395.23,393.56,395.12,0,0
1722614220,395.13,396.51,394.94,395.94,0,0
1722617160,395.92,396.45,394.65,394.96,0,0
1722620100,394.91,395.4,394.19,395.33,0,0
1722623040,395.29,396.15,395.19,395.62,0,0
1722625980,395.58,397.35,395.57,397.18,0,0
1722864600,386.5,389.88,384.93,388.55,0,0
1722867540,388.54,388.54,385.93,387.45,0,0
1722870480,387.4,389.83,387.4,388.91,0,0
1722873420,388.92,390.28,388.65,388.83,0,0
1722876360,388.84,389.02,387.52,388.76,0,0
1722879300,388.63,388.82,387.37,388.06,0,0
1722882240,388.24,388.7,386.45,386.46,0,0
1722885180,386.41,387.18,385.63,387.18,0,0
1722951000,387.56,391.11,386.25,390.81,0,0
1722953940,390.79,392.53,390,391.77,0,0
1722956880,391.77,391.85,389.3,391.39,0,0
1722959820,391.42,392.29,391.22,391.815,0,0
1722962760,391.76,393.04,391.59,392.94,0,0
1722965700,392.94,393.64,392.25,393.59,0,0
1722968640,393.6,394.52,391.45,392.25,0,0
1722971580,392.41,393.29,389.76,389.84,0,0
1723037400,392.59,394.79,391.59,393.42,0,0
1723040340,393.35,394.59,392.91,394.38,0,0
1723043280,394.32,394.38,392.37,392.77,0,0
1723046220,392.82,392.86,391.48,391.48,0,0
1723049160,391.62,391.62,389.18,390.65,0,0
1723052100,390.68,391.12,387.62,388.19,0,0
1723055040,388.14,388.87,387.28,388.75,0,0
1723057980,388.6,389.38,387.46,387.8,0,0
1723123800,389.58,393.08,389.26,392.74,0,0
1723126740,392.68,393.52,392.47,393.27,0,0
1723129680,393.32,393.67,392.45,393.01,0,0
1723132620,393.04,393.64,392.18,392.61,0,0
1723135560,392.58,394.4,392.18,394.23,0,0
1723138500,394.15,395.14,393.9,394.86,1,0
1723141440,394.85,394.85,393.76,394.68,0,0
1723144380,394.68,394.87,393.25,394.6,0,0
1723210200,394.25,394.7,392.41,393.86,0,0
1723213140,393.77,395.13,393.44,395.08,0,0
1723216080,395.125,395.41,393.96,393.96,0,0
1723219020,394.03,394.75,393.81,394.58,0,0
1723221960,394.54,396.5,394.38,396.23,0,0
1723224900,396.24,396.24,394.34,394.48,0,0
1723227840,394.43,395,394.09,394.9,0,0
1723230780,394.87,395.44,394.69,395.13,0,0
1723469400,395.92,396.04,392.61,393.94,0,0
1723472340,394.04,395.45,393.91,394.94,0,0
1723475280,394.96,395.08,393.08,394.49,0,0
1723478220,394.43,395.04,393.86,394.361,0,0
1723481160,394.44,394.44,393.15,394.08,0,0
1723484100,394.1,394.11,392.79,393.47,0,0
1723487040,393.44,393.71,393.17,393.47,0,0
1723489980,393.32,393.82,392.94,393.82,0,0
1723555800,395.07,396.62,394.08,394.19,0,0
1723558740,394.23,395.72,394.15,395.51,0,0
1723561680,395.54,396.22,395.21,396.1,0,0
1723564620,396.03,397.23,395.96,396.91,0,0
1723567560,396.96,397.51,396.69,396.8,0,0
1723570500,396.79,397.25,396.23,397.13,0,0
1723573440,397.17,397.78,397.07,397.39,0,0
1723576380,397.41,398.13,397.26,397.81,0,0
1723642200,397.74,398.91,397.68,398.53,0,0
1723645140,398.55,398.8,397.51,398.74,0,0
1723648080,398.73,400.03,398.59,399.88,0,0
1723651020,399.88,400.76,399.17,399.37,0,0
1723653960,399.43,400.41,399.28,400.27,0,0
1723656900,400.37,400.57,399.81,399.97,0,0
1723659840,399.84,400.88,399.78,400.58,0,0
1723662780,400.36,400.76,399.81,400.08,0,0
1723728600,404.78,405.63,403.16,403.75,0,0
1723731540,403.84,404.72,403.5,404.66,0,0
1723734480,404.66,405.18,404.61,405.02,0,0
1723737420,404.99,405.64,404.74,405.07,0,0
1723740360,404.98,405.45,404.79,405.36,0,0
1723743300,405.34,405.49,405.19,405.42,0,0
1723746240,405.37,405.85,405.35,405.54,0,0
1723749180,405.54,406.14,405.14,405.91,0,0
1723815000,405.03,406.4,405.03,405.39,0,0
1723817940,405.41,405.55,404.59,405.5,0,0
1723820880,405.48,406.18,405.29,406.16,0,0
1723823820,406.13,406.59,406.08,406.49,0,0
1723826760,406.47,407.24,406.45,406.87,0,0
1723829700,406.9,407.03,406.57,406.63,0,0
1723832640,406.68,407.37,406.68,407.09,0,0
1723835580,407.11,407.18,406.56,406.76,0,0
1724074200,407.36,408.45,407.26,407.62,0,0
1724077140,407.61,409.11,407.49,408.93,0,0
1724080080,408.86,408.95,408.48,408.5,0,0
1724083020,408.44,408.9,408.08,408.8,0,0
1724085960,408.83,409.32,408.42,408.45,0,0
1724088900,408.42,408.67,408.21,408.42,0,0
1724091840,408.4,408.84,408.24,408.46,0,0
1724094780,408.48,409.13,408.28,409.09,0,0
1724160600,408.62,409.17,408.16,408.63,0,0
1724163540,408.63,409.08,408.22,408.81,0,0
1724166480,408.81,408.87,407.78,408.54,0,0
1724169420,408.55,408.92,408.29,408.61,0,0
1724172360,408.63,408.74,408.05,408.39,0,0
1724175300,408.38,409.35,408.12,409.32,0,0
1724178240,409.28,409.31,408.41,408.56,0,0
1724181180,408.58,408.69,408.17,408.55,0,0
1724247000,409.32,409.74,407.87,408.37,0,0
1724249940,408.3,409.98,407.6,408.24,0,0
1724252880,408.22,408.91,408.05,408.05,0,0
1724255820,408.03,408.75,407.71,408.64,0,0
1724258760,408.64,409.06,408.62,408.96,0,0
1724261700,408.96,409.06,408.49,408.82,0,0
1724264640,408.84,409.46,408.62,408.87,0,0
1724267580,408.83,409.32,408.32,409.04,0,0
1724333400,409.7,410.5,408.06,408.36,0,0
1724336340,408.35,408.77,407.97,408.6,0,0
1724339280,408.61,408.61,407.14,407.36,0,0
1724342220,407.32,408.93,407.32,408.56,0,0
1724345160,408.59,408.63,406.23,406.72,0,0
1724348100,406.61,407.34,406.04,407.2,0,1
1724351040,407.1,407.43,406.76,407.26,0,0
1724353980,407.29,407.58,406.65,407.55,0,0
1724419800,409.3,411.78,408.65,410.62,1,0
1724422740,410.55,411.77,409.46,410.92,0,0
1724425680,410.85,412.32,410.58,410.96,0,0
1724428620,410.89,410.91,408.72,408.87,0,0
1724431560,408.77,410.64,408.56,410.61,0,0
1724434500,410.52,411.13,410.52,410.84,0,0
1724437440,410.83,411.24,410.76,411.16,0,0
1724440380,411.2,412.32,411.1,411.85,0,0
1724679000,412.64,414.24,412.64,413.88,0,0
1724681940,413.77,414.5,412.81,412.81,0,0
1724684880,412.75,413.01,412.04,412.26,0,0
1724687820,412.14,412.93,412.08,412.87,0,0
1724690760,412.88,413.4,412.66,412.8,0,0
1724693700,412.8,412.8,411.67,412.31,0,0
1724696640,412.29,412.7,412.23,412.57,0,0
1724699580,412.53,412.8,412.25,412.79,0,0
1724765400,412.3,413,411.73,412.01,0,0
1724768340,412.1,412.93,412.1,412.83,0,0
1724771280,412.9,412.9,411.6,412.05,0,0
1724774220,412.01,412.27,411.4,411.61,0,0
1724777160,411.63,412.68,411.63,412.53,0,0
1724780100,412.62,412.9,412.52,412.71,0,0
1724783040,412.7,412.92,412.55,412.76,0,0
1724785980,412.71,413.06,412.59,412.92,0,0
1724851800,412.66,413.93,412.07,413.49,0,0
1724854740,413.45,413.48,412.7,413.37,0,0
1724857680,413.39,413.54,411.36,411.47,0,0
1724860620,411.47,411.8,410.4,411.04,0,0
1724863560,411.04,411.7,410.67,411.11,0,0
1724866500,411.08,411.16,408.72,409.36,0,1
1724869440,409.43,411.27,408.91,410.1,0,0
1724872380,410.01,411.74,409.89,411.36,0,0
1724938200,414.38,414.59,411.31,413.56,0,0
1724941140,413.72,414.46,413.38,414.08,1,0
1724944080,414.05,414.94,413.82,414.78,0,0
1724947020,414.86,416.29,414.81,416.2,0,0
1724949960,416.23,416.26,415.38,415.82,0,0
1724952900,415.82,416.22,415.68,416.02,0,0
1724955840,416.06,416.09,413.18,413.92,0,0
1724958780,414,415,413.56,413.89,0,0
1725024600,414.51,415.67,413.9,414.87,0,0
1725027540,414.93,415.15,414,414.54,0,0
1725030480,414.5,414.57,412.95,413.43,0,0
1725033420,413.41,413.69,412.15,412.62,0,0
1725036360,412.67,413.79,412.61,413.01,0,0
1725039300,413.06,413.85,413,413.75,0,0
1725042240,413.8,414.29,413.64,413.76,0,0
1725045180,413.7,416.54,413.7,416.13,0,0
1725370200,414.2,415.18,411.37,411.68,0,0
1725373140,411.95,412.44,411.38,412.43,0,0
1725376080,412.51,412.58,411.67,411.89,0,0
1725379020,411.9,412.4,411.44,411.59,0,0
1725381960,411.53,412.25,411.35,411.4,0,0
1725384900,411.44,411.99,410.65,410.87,0,0
1725387840,410.88,411.11,410.14,410.43,0,1
1725390780,410.49,410.73,408.62,410.25,0,0
1725456600,409.97,411.66,409.65,411.09,0,0
1725459540,411.05,412.54,410.98,412.19,0,0
1725462480,412.15,412.31,410.49,410.49,0,0
1725465420,410.7,411.1,410.08,410.245,0,0
1725468360,410.27,410.55,409.48,409.6,0,0
1725471300,409.61,410.02,409.25,409.76,0,0
1725474240,409.84,410.34,409.26,409.62,0,0
1725477180,409.59,410.91,409.47,410.48,0,0
1725543000,411.33,411.68,409.08,410.08,0,0
1725545940,410.13,410.64,408.15,408.76,0,0
1725548880,408.66,408.97,406.72,406.95,0,0
1725551820,406.89,407.24,406,406.99,0,0
1725554760,407.07,407.8,407.03,407.36,0,0
1725557700,407.4,409.25,407.4,409,0,0
1725560640,408.96,409.55,408.54,408.62,0,0
1725563580,408.54,408.91,407.64,408.47,0,0
1725629400,408.96,411,407.95,408.14,0,0
1725632340,408.15,408.49,405.35,406.52,0,0
1725635280,406.51,406.51,404.3,404.68,0,0
1725638220,404.68,405.15,403.95,404.54,0,0
1725641160,404.55,405.41,404.05,404.77,0,0
1725644100,404.75,405.02,403.99,404.04,0,0
1725647040,404.06,405.14,403.79,405.05,0,0
1725649980,405.02,405.3,403.99,404.47,0,0
1725888600,407.36,408.82,406.15,408.77,0,0
1725891540,408.66,408.89,407.88,408.3,0,0
1725894480,408.3,410.08,407.44,409.86,0,0
1725897420,409.87,410.85,409.54,410.78,1,0
1725900360,410.78,410.89,409.67,409.67,0,0
1725903300,409.71,410.2,408.49,409.02,0,0
1725906240,409,409.09,408.15,408.48,0,0
1725909180,408.55,409.42,408.15,409.07,0,0
1725975000,410.07,410.115,406.36,406.73,0,0
1725977940,406.74,407.56,406.43,407.56,0,0
1725980880,407.52,408.13,406.06,406.3,0,0
1725983820,406.31,406.41,405,405.84,0,1
1725986760,405.86,407.42,405.71,407.32,0,0
1725989700,407.31,407.7,407.1,407.55,0,0
1725992640,407.54,408.15,407.54,408.02,0,0
1725995580,408.07,408.44,407.65,408.24,0,0
1726061400,407.15,407.15,401.53,401.54,0,0
1726064340,401.51,402.47,400.8,402.35,0,0
1726067280,402.31,404.15,401.88,402.57,0,0
1726070220,402.77,405.3,402.77,405.3,0,0
1726073160,405.27,406.83,405.21,406.54,0,0
1726076100,406.55,407.69,406.43,406.99,0,0
1726079040,407.01,408.88,407.01,408.13,0,0
1726081980,408.2,409.93,408.13,409.24,0,0
